{
  "train_losses": [
    0.0011428843500016204,
    0.0008418289895458555,
    0.0008243994437535338,
    0.0008205655113555649,
    0.0008182799443999131,
    0.0008193656189878411,
    0.0008208472017737143,
    0.0008184815492763075,
    0.0008147962735307588,
    0.0008195652672698506,
    0.0008137205002931107,
    0.0008133263138820692,
    0.0008122231014268529,
    0.0008122888895923731,
    0.0008145398485025652,
    0.0008153066372187965,
    0.0008131866575616104,
    0.000816517573411874,
    0.0008166249223182327,
    0.0008144353432330103,
    0.0007941752668956623,
    0.0007968507019053483,
    0.000795006740850135,
    0.0007928104568822777,
    0.0007964715013274191,
    0.0007936245568098862,
    0.0007942070718229119,
    0.0007933285374781784,
    0.0007939060803126571,
    0.0007946295305001124,
    0.0007951001833296542,
    0.0007943828551568726,
    0.0007945062674956446,
    0.0007928189092422605,
    0.0007915367898921449,
    0.0007920910957230778,
    0.0007939189203811963,
    0.0007938014558162312,
    0.0007942809254358413,
    0.0007945549786078275,
    0.0007835530002636746,
    0.0007838421578358324,
    0.0007844210490463461,
    0.0007804595944104722,
    0.0007820286283117572,
    0.000782799142274765,
    0.0007808476414076488,
    0.000780407463519449,
    0.0007829548275771048
  ],
  "val_losses": [
    0.0006805280695245717,
    0.0007422652740154284,
    0.0007268290578029414,
    0.0006705810289951363,
    0.000698845847750202,
    0.0007043851164333808,
    0.0006763954872443112,
    0.0007871422608606697,
    0.0006600742451757862,
    0.0007200211716612685,
    0.0006736450297341184,
    0.0007121925123463144,
    0.0006640172007048408,
    0.0006615795152315909,
    0.0006825883633464082,
    0.000665691328106367,
    0.0006897307277475523,
    0.0006944923310677457,
    0.0006603218171721683,
    0.0006838560581848396,
    0.000660519600573478,
    0.0006818997324592842,
    0.0006953510024116223,
    0.0006559662023505884,
    0.0006514158164196069,
    0.000671805724513695,
    0.0006529102356360849,
    0.0006530514215828718,
    0.0006501630919855609,
    0.0006601901248606331,
    0.0006829210183163576,
    0.0006644405145653877,
    0.0006568448506539203,
    0.0006603616879190952,
    0.0006653076306304508,
    0.0006820428573677125,
    0.0006872008369430826,
    0.0006838619865402525,
    0.0006620888548405832,
    0.0006569493988021337,
    0.0006582131489737807,
    0.0006613472355886918,
    0.0006526080491920664,
    0.0006506863154285352,
    0.0006573536325036387,
    0.0006556463019892569,
    0.0006963960882415906,
    0.0006530085469840416,
    0.0006551744741320324
  ],
  "metrics_history": [
    {
      "MSE": 1775.964599609375,
      "RMSE": 42.14219500227029,
      "MAE": 14.096715927124023,
      "MBE": 0.5597498416900635,
      "VAF": 0.9857895374298096,
      "R2": 0.9857895374298096,
      "MAPE": 84890.3046875
    },
    {
      "MSE": 1937.1011962890625,
      "RMSE": 44.012511815267516,
      "MAE": 17.572736740112305,
      "MBE": -0.16702526807785034,
      "VAF": 0.9845001697540283,
      "R2": 0.9845001697540283,
      "MAPE": 120945.8125
    },
    {
      "MSE": 1896.8387451171875,
      "RMSE": 43.55271225902226,
      "MAE": 18.5028018951416,
      "MBE": -7.956613063812256,
      "VAF": 0.9848223328590393,
      "R2": 0.9848223328590393,
      "MAPE": 136252.203125
    },
    {
      "MSE": 1750.0643310546875,
      "RMSE": 41.833770222807885,
      "MAE": 14.40112590789795,
      "MBE": -2.1746766567230225,
      "VAF": 0.9859967827796936,
      "R2": 0.9859967827796936,
      "MAPE": 113556.75
    },
    {
      "MSE": 1823.7950439453125,
      "RMSE": 42.705913454055896,
      "MAE": 16.709270477294922,
      "MBE": -9.258660316467285,
      "VAF": 0.9854068160057068,
      "R2": 0.9854068160057068,
      "MAPE": 144716.390625
    },
    {
      "MSE": 1838.2099609375,
      "RMSE": 42.874350851499784,
      "MAE": 16.53749656677246,
      "MBE": -5.5122151374816895,
      "VAF": 0.9852914810180664,
      "R2": 0.9852914810180664,
      "MAPE": 90139.96875
    },
    {
      "MSE": 1765.1531982421875,
      "RMSE": 42.01372630750797,
      "MAE": 15.410597801208496,
      "MBE": -5.455228805541992,
      "VAF": 0.9858760237693787,
      "R2": 0.9858760237693787,
      "MAPE": 136785.703125
    },
    {
      "MSE": 2054.01318359375,
      "RMSE": 45.32122222087297,
      "MAE": 17.478853225708008,
      "MBE": -8.955405235290527,
      "VAF": 0.9835646748542786,
      "R2": 0.9835646748542786,
      "MAPE": 86937.0078125
    },
    {
      "MSE": 1722.647216796875,
      "RMSE": 41.50478546862849,
      "MAE": 13.193641662597656,
      "MBE": -1.057381510734558,
      "VAF": 0.986216127872467,
      "R2": 0.986216127872467,
      "MAPE": 74915.171875
    },
    {
      "MSE": 1879.0479736328125,
      "RMSE": 43.34798696171268,
      "MAE": 17.176105499267578,
      "MBE": -3.9022881984710693,
      "VAF": 0.9849646687507629,
      "R2": 0.9849646687507629,
      "MAPE": 156578.375
    },
    {
      "MSE": 1758.0357666015625,
      "RMSE": 41.92893710316972,
      "MAE": 14.827071189880371,
      "MBE": -1.349056363105774,
      "VAF": 0.9859330058097839,
      "R2": 0.9859330058097839,
      "MAPE": 121652.7578125
    },
    {
      "MSE": 1858.552978515625,
      "RMSE": 43.110938037992454,
      "MAE": 16.787837982177734,
      "MBE": -9.354049682617188,
      "VAF": 0.9851287007331848,
      "R2": 0.9851287007331848,
      "MAPE": 123283.640625
    },
    {
      "MSE": 1732.91015625,
      "RMSE": 41.628237486710866,
      "MAE": 14.06784439086914,
      "MBE": -4.3937201499938965,
      "VAF": 0.9861340522766113,
      "R2": 0.9861340522766113,
      "MAPE": 109599.203125
    },
    {
      "MSE": 1726.5445556640625,
      "RMSE": 41.55170941927736,
      "MAE": 14.248751640319824,
      "MBE": -1.1075267791748047,
      "VAF": 0.9861849546432495,
      "R2": 0.9861849546432495,
      "MAPE": 94660.6484375
    },
    {
      "MSE": 1781.3355712890625,
      "RMSE": 42.205871289301236,
      "MAE": 15.324665069580078,
      "MBE": -2.208588123321533,
      "VAF": 0.9857465624809265,
      "R2": 0.9857465624809265,
      "MAPE": 139730.46875
    },
    {
      "MSE": 1737.2745361328125,
      "RMSE": 41.68062542876261,
      "MAE": 14.859343528747559,
      "MBE": -4.686661720275879,
      "VAF": 0.986099123954773,
      "R2": 0.986099123954773,
      "MAPE": 112758.5703125
    },
    {
      "MSE": 1800.001708984375,
      "RMSE": 42.42642701176208,
      "MAE": 16.453081130981445,
      "MBE": -1.9164186716079712,
      "VAF": 0.9855971932411194,
      "R2": 0.9855971932411194,
      "MAPE": 78732.125
    },
    {
      "MSE": 1812.4444580078125,
      "RMSE": 42.57281360220173,
      "MAE": 15.980035781860352,
      "MBE": -2.378549575805664,
      "VAF": 0.9854976534843445,
      "R2": 0.9854976534843445,
      "MAPE": 145541.140625
    },
    {
      "MSE": 1723.24853515625,
      "RMSE": 41.512028800773514,
      "MAE": 14.388392448425293,
      "MBE": -6.025636196136475,
      "VAF": 0.986211359500885,
      "R2": 0.986211359500885,
      "MAPE": 120543.765625
    },
    {
      "MSE": 1784.6739501953125,
      "RMSE": 42.245401527211364,
      "MAE": 15.742361068725586,
      "MBE": -7.680086135864258,
      "VAF": 0.9857198596000671,
      "R2": 0.9857198596000671,
      "MAPE": 104497.1328125
    },
    {
      "MSE": 1723.7879638671875,
      "RMSE": 41.51852555025512,
      "MAE": 14.015007019042969,
      "MBE": -1.6399930715560913,
      "VAF": 0.9862070083618164,
      "R2": 0.9862070083618164,
      "MAPE": 111459.5703125
    },
    {
      "MSE": 1779.5142822265625,
      "RMSE": 42.18428951904444,
      "MAE": 14.765926361083984,
      "MBE": -3.0067355632781982,
      "VAF": 0.9857611060142517,
      "R2": 0.9857611060142517,
      "MAPE": 122306.625
    },
    {
      "MSE": 1814.6796875,
      "RMSE": 42.59905735459413,